{
    "exact_memorization": 0.7120545968413353,
    "extraction_strength": 0.07192325885251674,
    "forget_Q_A_Prob": 0.18494019573554396,
    "forget_Q_A_ROUGE": 0.41047779250388683,
    "mia_gradnorm": 0.5287499999999999,
    "mia_loss": 0.498125,
    "mia_min_k": 0.50375,
    "mia_min_k_plus_plus": 0.61,
    "mia_zlib": 0.55125,
    "model_utility": 0.6267955756223628,
    "privleak": -0.7499999998500062
}